,iFoodAtHome,iFoodAway,iHousing,iUtilites,iClothingAndBeauty,iTransportation,iHealthcare,iEntertainment,iMiscellaneous,iCharitableAndFamilyGiving,iInsurance,iEducation,iHousingPrinciple,ExpInc
0,0.15994196,0.05154333,0.32759892,0.1329202,0.02536841,0.11052855,0.17045299,0.04541752,0.01811532,0.01621452,0.00086517,0.0,0.05896689,1.0
1,0.17167015,0.06370521,0.3033743,0.12430976,0.02373794,0.114066,0.14622347,0.04968304,0.00889459,0.03472545,0.00338243,0.0,0.04377235,1.0
2,0.15921289,0.07167292,0.31460279,0.11761979,0.02335907,0.1217528,0.12388008,0.05889642,0.00582546,0.03196849,0.00321865,0.0,0.03200937,1.0
3,0.16582016,0.07078169,0.28626859,0.1219144,0.02912975,0.11640997,0.1559393,0.05464847,0.01203706,0.02352221,0.00157522,0.0,0.03804681,1.0
4,0.16733483,0.07491889,0.2285549,0.13325876,0.023162,0.1205332,0.16789515,0.04923174,0.01073031,0.03790341,0.00591842,0.0,0.0194416,1.0
5,0.14250607,0.06904201,0.31355104,0.11286865,0.02727421,0.12690731,0.15287826,0.05104379,0.01138769,0.03390042,0.0043098,0.0,0.04566925,0.64479475
6,0.12573347,0.07063002,0.38507194,0.11342046,0.03407665,0.1265112,0.12894711,0.04956793,0.00696991,0.02647493,0.00329934,0.0,0.07070298,0.38663872
7,0.12649014,0.06739062,0.41931816,0.09852653,0.03092854,0.13572686,0.10102179,0.04735131,0.00698007,0.02902073,0.00326723,0.0,0.06602198,0.35225004
8,0.12814198,0.08617602,0.39039293,0.0988977,0.0386241,0.1388849,0.09266282,0.0460411,0.00827546,0.02413244,0.00212647,0.0,0.05435592,0.23675015
